id,type,base,no_inv,test_idx,len_test_poly,opt_hint,opt_deterministic,opt_len_rand_poly,opt_no_rand_poly
cubes_inv1.smt2,baseline,cubes,4,1,3,-1,-1,-1,-1
cubes_inv2.smt2,baseline,cubes,4,2,6,-1,-1,-1,-1
cubes_inv3.smt2,baseline,cubes,4,3,5,-1,-1,-1,-1
cubes_inv4.smt2,baseline,cubes,4,4,4,-1,-1,-1,-1
eucliddiv_inv1.smt2,baseline,eucliddiv,2,1,2,-1,-1,-1,-1
eucliddiv_inv2.smt2,baseline,eucliddiv,2,2,4,-1,-1,-1,-1
freire1_inv1.smt2,baseline,freire1,1,1,6,-1,-1,-1,-1
cohencu_inv2.smt2,baseline,cohencu,6,2,6,-1,-1,-1,-1
cohencu_inv1.smt2,baseline,cohencu,6,1,4,-1,-1,-1,-1
cohencu_inv3.smt2,baseline,cohencu,6,3,11,-1,-1,-1,-1
cohencu_inv4.smt2,baseline,cohencu,6,4,19,-1,-1,-1,-1
cohencu_inv5.smt2,baseline,cohencu,6,5,28,-1,-1,-1,-1
cohencu_inv6.smt2,baseline,cohencu,6,6,32,-1,-1,-1,-1
freire2_inv1.smt2,baseline,freire2,5,1,4,-1,-1,-1,-1
freire2_inv2.smt2,baseline,freire2,5,2,11,-1,-1,-1,-1
freire2_inv3.smt2,baseline,freire2,5,3,17,-1,-1,-1,-1
freire2_inv4.smt2,baseline,freire2,5,4,29,-1,-1,-1,-1
freire2_inv5.smt2,baseline,freire2,5,5,31,-1,-1,-1,-1
simpleloop_inv1.smt2,baseline,simpleloop,1,1,4,-1,-1,-1,-1
simpleloopV2_inv1.smt2,baseline,simpleloopV2,1,1,4,-1,-1,-1,-1
euclidex_inv1.smt2,baseline,euclidex,5,1,4,-1,-1,-1,-1
euclidex_inv2.smt2,baseline,euclidex,5,2,4,-1,-1,-1,-1
euclidex_inv3.smt2,baseline,euclidex,5,3,4,-1,-1,-1,-1
euclidex_inv4.smt2,baseline,euclidex,5,4,6,-1,-1,-1,-1
euclidex_inv5.smt2,baseline,euclidex,5,5,6,-1,-1,-1,-1
fermat_inv1.smt2,baseline,fermat,1,1,10,-1,-1,-1,-1
wensley_inv1.smt2,baseline,wensley,3,1,4,-1,-1,-1,-1
wensley_inv2.smt2,baseline,wensley,3,2,2,-1,-1,-1,-1
wensley_inv3.smt2,baseline,wensley,3,3,4,-1,-1,-1,-1
lcm_inv1.smt2,baseline,lcm,1,1,4,-1,-1,-1,-1
knuth_inv1.smt2,baseline,knuth,1,1,10,-1,-1,-1,-1
prodbin_inv1.smt2,baseline,prodbin,1,1,4,-1,-1,-1,-1
cohencu_norm_inv1_1xlen2.smt2,norm,cohencu,6,1,4,-1,-1,2,1
cohencu_norm_inv1_1xlen3.smt2,norm,cohencu,6,1,4,-1,-1,3,1
cohencu_norm_inv1_1xlen4.smt2,norm,cohencu,6,1,4,-1,-1,4,1
cohencu_norm_inv1_2xlen2.smt2,norm,cohencu,6,1,4,-1,-1,2,2
cohencu_norm_inv1_2xlen3.smt2,norm,cohencu,6,1,4,-1,-1,3,2
cohencu_norm_inv1_3xlen2.smt2,norm,cohencu,6,1,4,-1,-1,2,3
cohencu_norm_inv2_1xlen2.smt2,norm,cohencu,6,2,6,-1,-1,2,1
cohencu_norm_inv2_1xlen3.smt2,norm,cohencu,6,2,6,-1,-1,3,1
cohencu_norm_inv2_1xlen4.smt2,norm,cohencu,6,2,6,-1,-1,4,1
cohencu_norm_inv2_2xlen2.smt2,norm,cohencu,6,2,6,-1,-1,2,2
cohencu_norm_inv2_2xlen3.smt2,norm,cohencu,6,2,6,-1,-1,3,2
cohencu_norm_inv2_3xlen2.smt2,norm,cohencu,6,2,6,-1,-1,2,3
cohencu_norm_inv3_1xlen2.smt2,norm,cohencu,6,3,11,-1,-1,2,1
cohencu_norm_inv3_1xlen3.smt2,norm,cohencu,6,3,11,-1,-1,3,1
cohencu_norm_inv3_1xlen4.smt2,norm,cohencu,6,3,11,-1,-1,4,1
cohencu_norm_inv3_2xlen2.smt2,norm,cohencu,6,3,11,-1,-1,2,2
cohencu_norm_inv3_2xlen3.smt2,norm,cohencu,6,3,11,-1,-1,3,2
cohencu_norm_inv3_3xlen2.smt2,norm,cohencu,6,3,11,-1,-1,2,3
cohencu_norm_inv4_1xlen2.smt2,norm,cohencu,6,4,19,-1,-1,2,1
cohencu_norm_inv4_1xlen3.smt2,norm,cohencu,6,4,19,-1,-1,3,1
cohencu_norm_inv4_1xlen4.smt2,norm,cohencu,6,4,19,-1,-1,4,1
cohencu_norm_inv4_2xlen2.smt2,norm,cohencu,6,4,19,-1,-1,2,2
cohencu_norm_inv4_2xlen3.smt2,norm,cohencu,6,4,19,-1,-1,3,2
cohencu_norm_inv4_3xlen2.smt2,norm,cohencu,6,4,19,-1,-1,2,3
cohencu_norm_inv5_1xlen2.smt2,norm,cohencu,6,5,28,-1,-1,2,1
cohencu_norm_inv5_1xlen3.smt2,norm,cohencu,6,5,28,-1,-1,3,1
cohencu_norm_inv5_1xlen4.smt2,norm,cohencu,6,5,28,-1,-1,4,1
cohencu_norm_inv5_2xlen2.smt2,norm,cohencu,6,5,28,-1,-1,2,2
cohencu_norm_inv5_2xlen3.smt2,norm,cohencu,6,5,28,-1,-1,3,2
cohencu_norm_inv5_3xlen2.smt2,norm,cohencu,6,5,28,-1,-1,2,3
cohencu_norm_inv6_1xlen2.smt2,norm,cohencu,6,6,32,-1,-1,2,1
cohencu_norm_inv6_1xlen3.smt2,norm,cohencu,6,6,32,-1,-1,3,1
cohencu_norm_inv6_1xlen4.smt2,norm,cohencu,6,6,32,-1,-1,4,1
cubes_norm_inv1_1xlen2.smt2,norm,cubes,4,1,3,-1,-1,2,1
cubes_norm_inv1_1xlen3.smt2,norm,cubes,4,1,3,-1,-1,3,1
cubes_norm_inv1_1xlen4.smt2,norm,cubes,4,1,3,-1,-1,4,1
cubes_norm_inv1_2xlen2.smt2,norm,cubes,4,1,3,-1,-1,2,2
cubes_norm_inv1_2xlen3.smt2,norm,cubes,4,1,3,-1,-1,3,2
cubes_norm_inv1_3xlen2.smt2,norm,cubes,4,1,3,-1,-1,2,3
cubes_norm_inv2_1xlen2.smt2,norm,cubes,4,2,6,-1,-1,2,1
cubes_norm_inv2_1xlen3.smt2,norm,cubes,4,2,6,-1,-1,3,1
cubes_norm_inv2_1xlen4.smt2,norm,cubes,4,2,6,-1,-1,4,1
cubes_norm_inv2_2xlen2.smt2,norm,cubes,4,2,6,-1,-1,2,2
cubes_norm_inv2_2xlen3.smt2,norm,cubes,4,2,6,-1,-1,3,2
cubes_norm_inv2_3xlen2.smt2,norm,cubes,4,2,6,-1,-1,2,3
cubes_norm_inv3_1xlen2.smt2,norm,cubes,4,3,5,-1,-1,2,1
cubes_norm_inv3_1xlen3.smt2,norm,cubes,4,3,5,-1,-1,3,1
cubes_norm_inv3_1xlen4.smt2,norm,cubes,4,3,5,-1,-1,4,1
cubes_norm_inv3_2xlen2.smt2,norm,cubes,4,3,5,-1,-1,2,2
cubes_norm_inv3_2xlen3.smt2,norm,cubes,4,3,5,-1,-1,3,2
cubes_norm_inv3_3xlen2.smt2,norm,cubes,4,3,5,-1,-1,2,3
cubes_norm_inv4_1xlen2.smt2,norm,cubes,4,4,4,-1,-1,2,1
cubes_norm_inv4_1xlen3.smt2,norm,cubes,4,4,4,-1,-1,3,1
cubes_norm_inv4_1xlen4.smt2,norm,cubes,4,4,4,-1,-1,4,1
cubes_norm_inv4_2xlen2.smt2,norm,cubes,4,4,4,-1,-1,2,2
cubes_norm_inv4_2xlen3.smt2,norm,cubes,4,4,4,-1,-1,3,2
cubes_norm_inv4_3xlen2.smt2,norm,cubes,4,4,4,-1,-1,2,3
eucliddiv_norm_inv1_1xlen2.smt2,norm,eucliddiv,2,1,2,-1,-1,2,1
eucliddiv_norm_inv1_1xlen3.smt2,norm,eucliddiv,2,1,2,-1,-1,3,1
eucliddiv_norm_inv1_1xlen4.smt2,norm,eucliddiv,2,1,2,-1,-1,4,1
eucliddiv_norm_inv1_2xlen2.smt2,norm,eucliddiv,2,1,2,-1,-1,2,2
eucliddiv_norm_inv1_2xlen3.smt2,norm,eucliddiv,2,1,2,-1,-1,3,2
eucliddiv_norm_inv1_3xlen2.smt2,norm,eucliddiv,2,1,2,-1,-1,2,3
eucliddiv_norm_inv2_1xlen2.smt2,norm,eucliddiv,2,2,4,-1,-1,2,1
eucliddiv_norm_inv2_1xlen3.smt2,norm,eucliddiv,2,2,4,-1,-1,3,1
eucliddiv_norm_inv2_1xlen4.smt2,norm,eucliddiv,2,2,4,-1,-1,4,1
eucliddiv_norm_inv2_2xlen2.smt2,norm,eucliddiv,2,2,4,-1,-1,2,2
eucliddiv_norm_inv2_2xlen3.smt2,norm,eucliddiv,2,2,4,-1,-1,3,2
eucliddiv_norm_inv2_3xlen2.smt2,norm,eucliddiv,2,2,4,-1,-1,2,3
freire1_norm_inv1_1xlen2.smt2,norm,freire1,1,1,6,-1,-1,2,1
freire1_norm_inv1_1xlen3.smt2,norm,freire1,1,1,6,-1,-1,3,1
freire1_norm_inv1_1xlen4.smt2,norm,freire1,1,1,6,-1,-1,4,1
freire1_norm_inv1_2xlen2.smt2,norm,freire1,1,1,6,-1,-1,2,2
freire1_norm_inv1_2xlen3.smt2,norm,freire1,1,1,6,-1,-1,3,2
freire1_norm_inv1_3xlen2.smt2,norm,freire1,1,1,6,-1,-1,2,3
freire2_norm_inv1_1xlen2.smt2,norm,freire2,5,1,4,-1,-1,2,1
freire2_norm_inv1_1xlen3.smt2,norm,freire2,5,1,4,-1,-1,3,1
freire2_norm_inv1_1xlen4.smt2,norm,freire2,5,1,4,-1,-1,4,1
freire2_norm_inv1_2xlen2.smt2,norm,freire2,5,1,4,-1,-1,2,2
freire2_norm_inv1_2xlen3.smt2,norm,freire2,5,1,4,-1,-1,3,2
freire2_norm_inv1_3xlen2.smt2,norm,freire2,5,1,4,-1,-1,2,3
freire2_norm_inv2_1xlen2.smt2,norm,freire2,5,2,11,-1,-1,2,1
freire2_norm_inv2_1xlen3.smt2,norm,freire2,5,2,11,-1,-1,3,1
freire2_norm_inv2_1xlen4.smt2,norm,freire2,5,2,11,-1,-1,4,1
freire2_norm_inv2_2xlen2.smt2,norm,freire2,5,2,11,-1,-1,2,2
freire2_norm_inv2_2xlen3.smt2,norm,freire2,5,2,11,-1,-1,3,2
freire2_norm_inv2_3xlen2.smt2,norm,freire2,5,2,11,-1,-1,2,3
freire2_norm_inv3_1xlen2.smt2,norm,freire2,5,3,17,-1,-1,2,1
freire2_norm_inv3_1xlen3.smt2,norm,freire2,5,3,17,-1,-1,3,1
freire2_norm_inv3_1xlen4.smt2,norm,freire2,5,3,17,-1,-1,4,1
freire2_norm_inv3_2xlen2.smt2,norm,freire2,5,3,17,-1,-1,2,2
freire2_norm_inv3_2xlen3.smt2,norm,freire2,5,3,17,-1,-1,3,2
freire2_norm_inv3_3xlen2.smt2,norm,freire2,5,3,17,-1,-1,2,3
freire2_norm_inv4_1xlen2.smt2,norm,freire2,5,4,29,-1,-1,2,1
freire2_norm_inv4_1xlen3.smt2,norm,freire2,5,4,29,-1,-1,3,1
freire2_norm_inv4_1xlen4.smt2,norm,freire2,5,4,29,-1,-1,4,1
freire2_norm_inv4_2xlen2.smt2,norm,freire2,5,4,29,-1,-1,2,2
freire2_norm_inv4_2xlen3.smt2,norm,freire2,5,4,29,-1,-1,3,2
freire2_norm_inv4_3xlen2.smt2,norm,freire2,5,4,29,-1,-1,2,3
freire2_norm_inv5_1xlen2.smt2,norm,freire2,5,5,31,-1,-1,2,1
freire2_norm_inv5_1xlen3.smt2,norm,freire2,5,5,31,-1,-1,3,1
freire2_norm_inv5_1xlen4.smt2,norm,freire2,5,5,31,-1,-1,4,1
freire2_norm_inv5_2xlen2.smt2,norm,freire2,5,5,31,-1,-1,2,2
freire2_norm_inv5_2xlen3.smt2,norm,freire2,5,5,31,-1,-1,3,2
freire2_norm_inv5_3xlen2.smt2,norm,freire2,5,5,31,-1,-1,2,3
simpleloop_norm_inv1_1xlen2.smt2,norm,simpleloop,1,1,4,-1,-1,2,1
simpleloop_norm_inv1_1xlen3.smt2,norm,simpleloop,1,1,4,-1,-1,3,1
simpleloop_norm_inv1_1xlen4.smt2,norm,simpleloop,1,1,4,-1,-1,4,1
simpleloop_norm_inv1_2xlen2.smt2,norm,simpleloop,1,1,4,-1,-1,2,2
simpleloop_norm_inv1_2xlen3.smt2,norm,simpleloop,1,1,4,-1,-1,3,2
simpleloop_norm_inv1_3xlen2.smt2,norm,simpleloop,1,1,4,-1,-1,2,3
fermat_norm_inv1_1xlen2.smt2,norm,fermat,1,1,10,-1,-1,2,1
fermat_norm_inv1_1xlen3.smt2,norm,fermat,1,1,10,-1,-1,3,1
fermat_norm_inv1_1xlen4.smt2,norm,fermat,1,1,10,-1,-1,4,1
fermat_norm_inv1_2xlen2.smt2,norm,fermat,1,1,10,-1,-1,2,2
fermat_norm_inv1_2xlen3.smt2,norm,fermat,1,1,10,-1,-1,3,2
fermat_norm_inv1_3xlen2.smt2,norm,fermat,1,1,10,-1,-1,2,3
simpleloopV2_norm_inv1_1xlen2.smt2,norm,simpleloopV2,1,1,4,-1,-1,2,1
simpleloopV2_norm_inv1_1xlen3.smt2,norm,simpleloopV2,1,1,4,-1,-1,3,1
simpleloopV2_norm_inv1_1xlen4.smt2,norm,simpleloopV2,1,1,4,-1,-1,4,1
simpleloopV2_norm_inv1_2xlen2.smt2,norm,simpleloopV2,1,1,4,-1,-1,2,2
simpleloopV2_norm_inv1_2xlen3.smt2,norm,simpleloopV2,1,1,4,-1,-1,3,2
simpleloopV2_norm_inv1_3xlen2.smt2,norm,simpleloopV2,1,1,4,-1,-1,2,3
euclidex_norm_inv1_1xlen2.smt2,norm,euclidex,5,1,4,-1,-1,2,1
euclidex_norm_inv1_1xlen3.smt2,norm,euclidex,5,1,4,-1,-1,3,1
euclidex_norm_inv1_1xlen4.smt2,norm,euclidex,5,1,4,-1,-1,4,1
euclidex_norm_inv1_2xlen2.smt2,norm,euclidex,5,1,4,-1,-1,2,2
euclidex_norm_inv1_2xlen3.smt2,norm,euclidex,5,1,4,-1,-1,3,2
euclidex_norm_inv1_3xlen2.smt2,norm,euclidex,5,1,4,-1,-1,2,3
euclidex_norm_inv2_1xlen2.smt2,norm,euclidex,5,2,4,-1,-1,2,1
euclidex_norm_inv2_1xlen3.smt2,norm,euclidex,5,2,4,-1,-1,3,1
euclidex_norm_inv2_1xlen4.smt2,norm,euclidex,5,2,4,-1,-1,4,1
euclidex_norm_inv2_2xlen2.smt2,norm,euclidex,5,2,4,-1,-1,2,2
euclidex_norm_inv2_2xlen3.smt2,norm,euclidex,5,2,4,-1,-1,3,2
euclidex_norm_inv2_3xlen2.smt2,norm,euclidex,5,2,4,-1,-1,2,3
euclidex_norm_inv3_1xlen2.smt2,norm,euclidex,5,3,4,-1,-1,2,1
euclidex_norm_inv3_1xlen3.smt2,norm,euclidex,5,3,4,-1,-1,3,1
euclidex_norm_inv3_1xlen4.smt2,norm,euclidex,5,3,4,-1,-1,4,1
euclidex_norm_inv3_2xlen2.smt2,norm,euclidex,5,3,4,-1,-1,2,2
euclidex_norm_inv3_2xlen3.smt2,norm,euclidex,5,3,4,-1,-1,3,2
euclidex_norm_inv3_3xlen2.smt2,norm,euclidex,5,3,4,-1,-1,2,3
euclidex_norm_inv4_1xlen2.smt2,norm,euclidex,5,4,6,-1,-1,2,1
euclidex_norm_inv4_1xlen3.smt2,norm,euclidex,5,4,6,-1,-1,3,1
euclidex_norm_inv4_1xlen4.smt2,norm,euclidex,5,4,6,-1,-1,4,1
euclidex_norm_inv4_2xlen2.smt2,norm,euclidex,5,4,6,-1,-1,2,2
euclidex_norm_inv4_2xlen3.smt2,norm,euclidex,5,4,6,-1,-1,3,2
euclidex_norm_inv4_3xlen2.smt2,norm,euclidex,5,4,6,-1,-1,2,3
euclidex_norm_inv5_1xlen2.smt2,norm,euclidex,5,5,6,-1,-1,2,1
euclidex_norm_inv5_1xlen3.smt2,norm,euclidex,5,5,6,-1,-1,3,1
euclidex_norm_inv5_1xlen4.smt2,norm,euclidex,5,5,6,-1,-1,4,1
euclidex_norm_inv5_2xlen2.smt2,norm,euclidex,5,5,6,-1,-1,2,2
euclidex_norm_inv5_2xlen3.smt2,norm,euclidex,5,5,6,-1,-1,3,2
euclidex_norm_inv5_3xlen2.smt2,norm,euclidex,5,5,6,-1,-1,2,3
wensley_norm_inv1_1xlen2.smt2,norm,wensley,3,1,4,-1,-1,2,1
wensley_norm_inv1_1xlen3.smt2,norm,wensley,3,1,4,-1,-1,3,1
wensley_norm_inv1_1xlen4.smt2,norm,wensley,3,1,4,-1,-1,4,1
wensley_norm_inv1_2xlen2.smt2,norm,wensley,3,1,4,-1,-1,2,2
wensley_norm_inv1_2xlen3.smt2,norm,wensley,3,1,4,-1,-1,3,2
wensley_norm_inv1_3xlen2.smt2,norm,wensley,3,1,4,-1,-1,2,3
wensley_norm_inv2_1xlen2.smt2,norm,wensley,3,2,2,-1,-1,2,1
wensley_norm_inv2_1xlen3.smt2,norm,wensley,3,2,2,-1,-1,3,1
wensley_norm_inv2_1xlen4.smt2,norm,wensley,3,2,2,-1,-1,4,1
wensley_norm_inv2_2xlen2.smt2,norm,wensley,3,2,2,-1,-1,2,2
wensley_norm_inv2_2xlen3.smt2,norm,wensley,3,2,2,-1,-1,3,2
wensley_norm_inv2_3xlen2.smt2,norm,wensley,3,2,2,-1,-1,2,3
wensley_norm_inv3_1xlen2.smt2,norm,wensley,3,3,4,-1,-1,2,1
wensley_norm_inv3_1xlen3.smt2,norm,wensley,3,3,4,-1,-1,3,1
wensley_norm_inv3_1xlen4.smt2,norm,wensley,3,3,4,-1,-1,4,1
wensley_norm_inv3_2xlen2.smt2,norm,wensley,3,3,4,-1,-1,2,2
wensley_norm_inv3_2xlen3.smt2,norm,wensley,3,3,4,-1,-1,3,2
wensley_norm_inv3_3xlen2.smt2,norm,wensley,3,3,4,-1,-1,2,3
lcm_norm_inv1_1xlen2.smt2,norm,lcm,1,1,4,-1,-1,2,1
lcm_norm_inv1_1xlen3.smt2,norm,lcm,1,1,4,-1,-1,3,1
lcm_norm_inv1_1xlen4.smt2,norm,lcm,1,1,4,-1,-1,4,1
lcm_norm_inv1_2xlen2.smt2,norm,lcm,1,1,4,-1,-1,2,2
lcm_norm_inv1_2xlen3.smt2,norm,lcm,1,1,4,-1,-1,3,2
lcm_norm_inv1_3xlen2.smt2,norm,lcm,1,1,4,-1,-1,2,3
knuth_norm_inv1_1xlen2.smt2,norm,knuth,1,1,10,-1,-1,2,1
knuth_norm_inv1_1xlen3.smt2,norm,knuth,1,1,10,-1,-1,3,1
knuth_norm_inv1_1xlen4.smt2,norm,knuth,1,1,10,-1,-1,4,1
knuth_norm_inv1_2xlen2.smt2,norm,knuth,1,1,10,-1,-1,2,2
knuth_norm_inv1_2xlen3.smt2,norm,knuth,1,1,10,-1,-1,3,2
knuth_norm_inv1_3xlen2.smt2,norm,knuth,1,1,10,-1,-1,2,3
divbin_norm_inv1_1xlen2.smt2,norm,divbin,1,1,4,-1,-1,2,1
divbin_norm_inv1_1xlen3.smt2,norm,divbin,1,1,4,-1,-1,3,1
divbin_norm_inv1_1xlen4.smt2,norm,divbin,1,1,4,-1,-1,4,1
divbin_norm_inv1_2xlen2.smt2,norm,divbin,1,1,4,-1,-1,2,2
divbin_norm_inv1_2xlen3.smt2,norm,divbin,1,1,4,-1,-1,3,2
divbin_norm_inv1_3xlen2.smt2,norm,divbin,1,1,4,-1,-1,2,3
prodbin_norm_inv1_1xlen2.smt2,norm,prodbin,1,1,4,-1,-1,2,1
prodbin_norm_inv1_1xlen3.smt2,norm,prodbin,1,1,4,-1,-1,3,1
prodbin_norm_inv1_1xlen4.smt2,norm,prodbin,1,1,4,-1,-1,4,1
prodbin_norm_inv1_2xlen2.smt2,norm,prodbin,1,1,4,-1,-1,2,2
prodbin_norm_inv1_2xlen3.smt2,norm,prodbin,1,1,4,-1,-1,3,2
prodbin_norm_inv1_3xlen2.smt2,norm,prodbin,1,1,4,-1,-1,2,3
cohencu_denorm_inv1_1xlen1.smt2,denorm,cohencu,6,1,4,-1,-1,1,1
cohencu_denorm_inv1_1xlen2.smt2,denorm,cohencu,6,1,4,-1,-1,2,1
cohencu_denorm_inv1_1xlen3.smt2,denorm,cohencu,6,1,4,-1,-1,3,1
cohencu_denorm_inv1_1xlen4.smt2,denorm,cohencu,6,1,4,-1,-1,4,1
cohencu_denorm_inv1_2xlen1.smt2,denorm,cohencu,6,1,4,-1,-1,1,2
cohencu_denorm_inv1_2xlen2.smt2,denorm,cohencu,6,1,4,-1,-1,2,2
cohencu_denorm_inv1_2xlen3.smt2,denorm,cohencu,6,1,4,-1,-1,3,2
cohencu_denorm_inv1_3xlen1.smt2,denorm,cohencu,6,1,4,-1,-1,1,3
cohencu_denorm_inv1_3xlen2.smt2,denorm,cohencu,6,1,4,-1,-1,2,3
cohencu_denorm_inv1_4xlen1.smt2,denorm,cohencu,6,1,4,-1,-1,1,4
cohencu_denorm_inv2_1xlen1.smt2,denorm,cohencu,6,2,6,-1,-1,1,1
cohencu_denorm_inv2_1xlen2.smt2,denorm,cohencu,6,2,6,-1,-1,2,1
cohencu_denorm_inv2_1xlen3.smt2,denorm,cohencu,6,2,6,-1,-1,3,1
cohencu_denorm_inv2_1xlen4.smt2,denorm,cohencu,6,2,6,-1,-1,4,1
cohencu_denorm_inv2_2xlen1.smt2,denorm,cohencu,6,2,6,-1,-1,1,2
cohencu_denorm_inv2_2xlen2.smt2,denorm,cohencu,6,2,6,-1,-1,2,2
cohencu_denorm_inv2_2xlen3.smt2,denorm,cohencu,6,2,6,-1,-1,3,2
cohencu_denorm_inv2_3xlen1.smt2,denorm,cohencu,6,2,6,-1,-1,1,3
cohencu_denorm_inv2_3xlen2.smt2,denorm,cohencu,6,2,6,-1,-1,2,3
cohencu_denorm_inv2_4xlen1.smt2,denorm,cohencu,6,2,6,-1,-1,1,4
cohencu_denorm_inv3_1xlen1.smt2,denorm,cohencu,6,3,11,-1,-1,1,1
cohencu_denorm_inv3_1xlen2.smt2,denorm,cohencu,6,3,11,-1,-1,2,1
cohencu_denorm_inv3_1xlen3.smt2,denorm,cohencu,6,3,11,-1,-1,3,1
cohencu_denorm_inv3_1xlen4.smt2,denorm,cohencu,6,3,11,-1,-1,4,1
cohencu_denorm_inv3_2xlen1.smt2,denorm,cohencu,6,3,11,-1,-1,1,2
cohencu_denorm_inv3_2xlen2.smt2,denorm,cohencu,6,3,11,-1,-1,2,2
cohencu_denorm_inv3_2xlen3.smt2,denorm,cohencu,6,3,11,-1,-1,3,2
cohencu_denorm_inv3_3xlen1.smt2,denorm,cohencu,6,3,11,-1,-1,1,3
cohencu_denorm_inv3_3xlen2.smt2,denorm,cohencu,6,3,11,-1,-1,2,3
cohencu_denorm_inv3_4xlen1.smt2,denorm,cohencu,6,3,11,-1,-1,1,4
cohencu_denorm_inv4_1xlen1.smt2,denorm,cohencu,6,4,19,-1,-1,1,1
cohencu_denorm_inv4_1xlen2.smt2,denorm,cohencu,6,4,19,-1,-1,2,1
cohencu_denorm_inv4_1xlen3.smt2,denorm,cohencu,6,4,19,-1,-1,3,1
cohencu_denorm_inv4_1xlen4.smt2,denorm,cohencu,6,4,19,-1,-1,4,1
cohencu_denorm_inv4_2xlen1.smt2,denorm,cohencu,6,4,19,-1,-1,1,2
cohencu_denorm_inv4_2xlen2.smt2,denorm,cohencu,6,4,19,-1,-1,2,2
cohencu_denorm_inv4_2xlen3.smt2,denorm,cohencu,6,4,19,-1,-1,3,2
cohencu_denorm_inv4_3xlen1.smt2,denorm,cohencu,6,4,19,-1,-1,1,3
cohencu_denorm_inv4_3xlen2.smt2,denorm,cohencu,6,4,19,-1,-1,2,3
cohencu_denorm_inv4_4xlen1.smt2,denorm,cohencu,6,4,19,-1,-1,1,4
cohencu_denorm_inv5_1xlen1.smt2,denorm,cohencu,6,5,28,-1,-1,1,1
cohencu_denorm_inv5_1xlen2.smt2,denorm,cohencu,6,5,28,-1,-1,2,1
cohencu_denorm_inv5_1xlen3.smt2,denorm,cohencu,6,5,28,-1,-1,3,1
cohencu_denorm_inv5_1xlen4.smt2,denorm,cohencu,6,5,28,-1,-1,4,1
cohencu_denorm_inv5_2xlen1.smt2,denorm,cohencu,6,5,28,-1,-1,1,2
cohencu_denorm_inv5_2xlen2.smt2,denorm,cohencu,6,5,28,-1,-1,2,2
cohencu_denorm_inv5_2xlen3.smt2,denorm,cohencu,6,5,28,-1,-1,3,2
cohencu_denorm_inv5_3xlen1.smt2,denorm,cohencu,6,5,28,-1,-1,1,3
cohencu_denorm_inv5_3xlen2.smt2,denorm,cohencu,6,5,28,-1,-1,2,3
cohencu_denorm_inv5_4xlen1.smt2,denorm,cohencu,6,5,28,-1,-1,1,4
cohencu_denorm_inv6_1xlen1.smt2,denorm,cohencu,6,6,32,-1,-1,1,1
cohencu_denorm_inv6_1xlen2.smt2,denorm,cohencu,6,6,32,-1,-1,2,1
cohencu_denorm_inv6_1xlen3.smt2,denorm,cohencu,6,6,32,-1,-1,3,1
cohencu_denorm_inv6_1xlen4.smt2,denorm,cohencu,6,6,32,-1,-1,4,1
cohencu_denorm_inv6_2xlen1.smt2,denorm,cohencu,6,6,32,-1,-1,1,2
cohencu_denorm_inv6_2xlen2.smt2,denorm,cohencu,6,6,32,-1,-1,2,2
cohencu_denorm_inv6_2xlen3.smt2,denorm,cohencu,6,6,32,-1,-1,3,2
cohencu_denorm_inv6_3xlen1.smt2,denorm,cohencu,6,6,32,-1,-1,1,3
cohencu_denorm_inv6_3xlen2.smt2,denorm,cohencu,6,6,32,-1,-1,2,3
cohencu_denorm_inv6_4xlen1.smt2,denorm,cohencu,6,6,32,-1,-1,1,4
cubes_denorm_inv1_1xlen1.smt2,denorm,cubes,4,1,3,-1,-1,1,1
cubes_denorm_inv1_1xlen2.smt2,denorm,cubes,4,1,3,-1,-1,2,1
cubes_denorm_inv1_1xlen3.smt2,denorm,cubes,4,1,3,-1,-1,3,1
cubes_denorm_inv1_1xlen4.smt2,denorm,cubes,4,1,3,-1,-1,4,1
cubes_denorm_inv1_2xlen1.smt2,denorm,cubes,4,1,3,-1,-1,1,2
cubes_denorm_inv1_2xlen2.smt2,denorm,cubes,4,1,3,-1,-1,2,2
cubes_denorm_inv1_2xlen3.smt2,denorm,cubes,4,1,3,-1,-1,3,2
cubes_denorm_inv1_3xlen1.smt2,denorm,cubes,4,1,3,-1,-1,1,3
cubes_denorm_inv1_3xlen2.smt2,denorm,cubes,4,1,3,-1,-1,2,3
cubes_denorm_inv1_4xlen1.smt2,denorm,cubes,4,1,3,-1,-1,1,4
cubes_denorm_inv2_1xlen1.smt2,denorm,cubes,4,2,6,-1,-1,1,1
cubes_denorm_inv2_1xlen2.smt2,denorm,cubes,4,2,6,-1,-1,2,1
cubes_denorm_inv2_1xlen3.smt2,denorm,cubes,4,2,6,-1,-1,3,1
cubes_denorm_inv2_1xlen4.smt2,denorm,cubes,4,2,6,-1,-1,4,1
cubes_denorm_inv2_2xlen1.smt2,denorm,cubes,4,2,6,-1,-1,1,2
cubes_denorm_inv2_2xlen2.smt2,denorm,cubes,4,2,6,-1,-1,2,2
cubes_denorm_inv2_2xlen3.smt2,denorm,cubes,4,2,6,-1,-1,3,2
cubes_denorm_inv2_3xlen1.smt2,denorm,cubes,4,2,6,-1,-1,1,3
cubes_denorm_inv2_3xlen2.smt2,denorm,cubes,4,2,6,-1,-1,2,3
cubes_denorm_inv2_4xlen1.smt2,denorm,cubes,4,2,6,-1,-1,1,4
cubes_denorm_inv3_1xlen1.smt2,denorm,cubes,4,3,5,-1,-1,1,1
cubes_denorm_inv3_1xlen2.smt2,denorm,cubes,4,3,5,-1,-1,2,1
cubes_denorm_inv3_1xlen3.smt2,denorm,cubes,4,3,5,-1,-1,3,1
cubes_denorm_inv3_1xlen4.smt2,denorm,cubes,4,3,5,-1,-1,4,1
cubes_denorm_inv3_2xlen1.smt2,denorm,cubes,4,3,5,-1,-1,1,2
cubes_denorm_inv3_2xlen2.smt2,denorm,cubes,4,3,5,-1,-1,2,2
cubes_denorm_inv3_2xlen3.smt2,denorm,cubes,4,3,5,-1,-1,3,2
cubes_denorm_inv3_3xlen1.smt2,denorm,cubes,4,3,5,-1,-1,1,3
cubes_denorm_inv3_3xlen2.smt2,denorm,cubes,4,3,5,-1,-1,2,3
cubes_denorm_inv3_4xlen1.smt2,denorm,cubes,4,3,5,-1,-1,1,4
cubes_denorm_inv4_1xlen1.smt2,denorm,cubes,4,4,4,-1,-1,1,1
cubes_denorm_inv4_1xlen2.smt2,denorm,cubes,4,4,4,-1,-1,2,1
cubes_denorm_inv4_1xlen3.smt2,denorm,cubes,4,4,4,-1,-1,3,1
cubes_denorm_inv4_1xlen4.smt2,denorm,cubes,4,4,4,-1,-1,4,1
cubes_denorm_inv4_2xlen1.smt2,denorm,cubes,4,4,4,-1,-1,1,2
cubes_denorm_inv4_2xlen2.smt2,denorm,cubes,4,4,4,-1,-1,2,2
cubes_denorm_inv4_2xlen3.smt2,denorm,cubes,4,4,4,-1,-1,3,2
cubes_denorm_inv4_3xlen1.smt2,denorm,cubes,4,4,4,-1,-1,1,3
cubes_denorm_inv4_3xlen2.smt2,denorm,cubes,4,4,4,-1,-1,2,3
cubes_denorm_inv4_4xlen1.smt2,denorm,cubes,4,4,4,-1,-1,1,4
eucliddiv_denorm_inv1_1xlen1.smt2,denorm,eucliddiv,2,1,2,-1,-1,1,1
eucliddiv_denorm_inv1_1xlen2.smt2,denorm,eucliddiv,2,1,2,-1,-1,2,1
eucliddiv_denorm_inv1_1xlen3.smt2,denorm,eucliddiv,2,1,2,-1,-1,3,1
eucliddiv_denorm_inv1_1xlen4.smt2,denorm,eucliddiv,2,1,2,-1,-1,4,1
eucliddiv_denorm_inv1_2xlen1.smt2,denorm,eucliddiv,2,1,2,-1,-1,1,2
eucliddiv_denorm_inv1_2xlen2.smt2,denorm,eucliddiv,2,1,2,-1,-1,2,2
eucliddiv_denorm_inv1_2xlen3.smt2,denorm,eucliddiv,2,1,2,-1,-1,3,2
eucliddiv_denorm_inv1_3xlen1.smt2,denorm,eucliddiv,2,1,2,-1,-1,1,3
eucliddiv_denorm_inv1_3xlen2.smt2,denorm,eucliddiv,2,1,2,-1,-1,2,3
eucliddiv_denorm_inv1_4xlen1.smt2,denorm,eucliddiv,2,1,2,-1,-1,1,4
eucliddiv_denorm_inv2_1xlen1.smt2,denorm,eucliddiv,2,2,4,-1,-1,1,1
eucliddiv_denorm_inv2_1xlen2.smt2,denorm,eucliddiv,2,2,4,-1,-1,2,1
eucliddiv_denorm_inv2_1xlen3.smt2,denorm,eucliddiv,2,2,4,-1,-1,3,1
eucliddiv_denorm_inv2_1xlen4.smt2,denorm,eucliddiv,2,2,4,-1,-1,4,1
eucliddiv_denorm_inv2_2xlen1.smt2,denorm,eucliddiv,2,2,4,-1,-1,1,2
eucliddiv_denorm_inv2_2xlen2.smt2,denorm,eucliddiv,2,2,4,-1,-1,2,2
eucliddiv_denorm_inv2_2xlen3.smt2,denorm,eucliddiv,2,2,4,-1,-1,3,2
eucliddiv_denorm_inv2_3xlen1.smt2,denorm,eucliddiv,2,2,4,-1,-1,1,3
eucliddiv_denorm_inv2_3xlen2.smt2,denorm,eucliddiv,2,2,4,-1,-1,2,3
eucliddiv_denorm_inv2_4xlen1.smt2,denorm,eucliddiv,2,2,4,-1,-1,1,4
freire1_denorm_inv1_1xlen1.smt2,denorm,freire1,1,1,6,-1,-1,1,1
freire1_denorm_inv1_1xlen2.smt2,denorm,freire1,1,1,6,-1,-1,2,1
freire1_denorm_inv1_1xlen3.smt2,denorm,freire1,1,1,6,-1,-1,3,1
freire1_denorm_inv1_1xlen4.smt2,denorm,freire1,1,1,6,-1,-1,4,1
freire1_denorm_inv1_2xlen1.smt2,denorm,freire1,1,1,6,-1,-1,1,2
freire1_denorm_inv1_2xlen2.smt2,denorm,freire1,1,1,6,-1,-1,2,2
freire1_denorm_inv1_2xlen3.smt2,denorm,freire1,1,1,6,-1,-1,3,2
freire1_denorm_inv1_3xlen1.smt2,denorm,freire1,1,1,6,-1,-1,1,3
freire1_denorm_inv1_3xlen2.smt2,denorm,freire1,1,1,6,-1,-1,2,3
freire1_denorm_inv1_4xlen1.smt2,denorm,freire1,1,1,6,-1,-1,1,4
freire2_denorm_inv1_1xlen1.smt2,denorm,freire2,5,1,4,-1,-1,1,1
freire2_denorm_inv1_1xlen2.smt2,denorm,freire2,5,1,4,-1,-1,2,1
freire2_denorm_inv1_1xlen3.smt2,denorm,freire2,5,1,4,-1,-1,3,1
freire2_denorm_inv1_1xlen4.smt2,denorm,freire2,5,1,4,-1,-1,4,1
freire2_denorm_inv1_2xlen1.smt2,denorm,freire2,5,1,4,-1,-1,1,2
freire2_denorm_inv1_2xlen2.smt2,denorm,freire2,5,1,4,-1,-1,2,2
freire2_denorm_inv1_2xlen3.smt2,denorm,freire2,5,1,4,-1,-1,3,2
freire2_denorm_inv1_3xlen1.smt2,denorm,freire2,5,1,4,-1,-1,1,3
freire2_denorm_inv1_3xlen2.smt2,denorm,freire2,5,1,4,-1,-1,2,3
freire2_denorm_inv1_4xlen1.smt2,denorm,freire2,5,1,4,-1,-1,1,4
freire2_denorm_inv2_1xlen1.smt2,denorm,freire2,5,2,11,-1,-1,1,1
freire2_denorm_inv2_1xlen2.smt2,denorm,freire2,5,2,11,-1,-1,2,1
freire2_denorm_inv2_1xlen3.smt2,denorm,freire2,5,2,11,-1,-1,3,1
freire2_denorm_inv2_1xlen4.smt2,denorm,freire2,5,2,11,-1,-1,4,1
freire2_denorm_inv2_2xlen1.smt2,denorm,freire2,5,2,11,-1,-1,1,2
freire2_denorm_inv2_2xlen2.smt2,denorm,freire2,5,2,11,-1,-1,2,2
freire2_denorm_inv2_2xlen3.smt2,denorm,freire2,5,2,11,-1,-1,3,2
freire2_denorm_inv2_3xlen1.smt2,denorm,freire2,5,2,11,-1,-1,1,3
freire2_denorm_inv2_3xlen2.smt2,denorm,freire2,5,2,11,-1,-1,2,3
freire2_denorm_inv2_4xlen1.smt2,denorm,freire2,5,2,11,-1,-1,1,4
freire2_denorm_inv3_1xlen1.smt2,denorm,freire2,5,3,17,-1,-1,1,1
freire2_denorm_inv3_1xlen2.smt2,denorm,freire2,5,3,17,-1,-1,2,1
freire2_denorm_inv3_1xlen3.smt2,denorm,freire2,5,3,17,-1,-1,3,1
freire2_denorm_inv3_1xlen4.smt2,denorm,freire2,5,3,17,-1,-1,4,1
freire2_denorm_inv3_2xlen1.smt2,denorm,freire2,5,3,17,-1,-1,1,2
freire2_denorm_inv3_2xlen2.smt2,denorm,freire2,5,3,17,-1,-1,2,2
freire2_denorm_inv3_2xlen3.smt2,denorm,freire2,5,3,17,-1,-1,3,2
freire2_denorm_inv3_3xlen1.smt2,denorm,freire2,5,3,17,-1,-1,1,3
freire2_denorm_inv3_3xlen2.smt2,denorm,freire2,5,3,17,-1,-1,2,3
freire2_denorm_inv3_4xlen1.smt2,denorm,freire2,5,3,17,-1,-1,1,4
freire2_denorm_inv4_1xlen1.smt2,denorm,freire2,5,4,29,-1,-1,1,1
freire2_denorm_inv4_1xlen2.smt2,denorm,freire2,5,4,29,-1,-1,2,1
freire2_denorm_inv4_1xlen3.smt2,denorm,freire2,5,4,29,-1,-1,3,1
freire2_denorm_inv4_1xlen4.smt2,denorm,freire2,5,4,29,-1,-1,4,1
freire2_denorm_inv4_2xlen1.smt2,denorm,freire2,5,4,29,-1,-1,1,2
freire2_denorm_inv4_2xlen2.smt2,denorm,freire2,5,4,29,-1,-1,2,2
freire2_denorm_inv4_2xlen3.smt2,denorm,freire2,5,4,29,-1,-1,3,2
freire2_denorm_inv4_3xlen1.smt2,denorm,freire2,5,4,29,-1,-1,1,3
freire2_denorm_inv4_3xlen2.smt2,denorm,freire2,5,4,29,-1,-1,2,3
freire2_denorm_inv4_4xlen1.smt2,denorm,freire2,5,4,29,-1,-1,1,4
freire2_denorm_inv5_1xlen1.smt2,denorm,freire2,5,5,31,-1,-1,1,1
freire2_denorm_inv5_1xlen2.smt2,denorm,freire2,5,5,31,-1,-1,2,1
freire2_denorm_inv5_1xlen3.smt2,denorm,freire2,5,5,31,-1,-1,3,1
freire2_denorm_inv5_1xlen4.smt2,denorm,freire2,5,5,31,-1,-1,4,1
freire2_denorm_inv5_2xlen1.smt2,denorm,freire2,5,5,31,-1,-1,1,2
freire2_denorm_inv5_2xlen2.smt2,denorm,freire2,5,5,31,-1,-1,2,2
freire2_denorm_inv5_2xlen3.smt2,denorm,freire2,5,5,31,-1,-1,3,2
freire2_denorm_inv5_3xlen1.smt2,denorm,freire2,5,5,31,-1,-1,1,3
freire2_denorm_inv5_3xlen2.smt2,denorm,freire2,5,5,31,-1,-1,2,3
freire2_denorm_inv5_4xlen1.smt2,denorm,freire2,5,5,31,-1,-1,1,4
simpleloop_denorm_inv1_1xlen1.smt2,denorm,simpleloop,1,1,4,-1,-1,1,1
simpleloop_denorm_inv1_1xlen2.smt2,denorm,simpleloop,1,1,4,-1,-1,2,1
simpleloop_denorm_inv1_1xlen3.smt2,denorm,simpleloop,1,1,4,-1,-1,3,1
simpleloop_denorm_inv1_1xlen4.smt2,denorm,simpleloop,1,1,4,-1,-1,4,1
simpleloop_denorm_inv1_2xlen1.smt2,denorm,simpleloop,1,1,4,-1,-1,1,2
simpleloop_denorm_inv1_2xlen2.smt2,denorm,simpleloop,1,1,4,-1,-1,2,2
simpleloop_denorm_inv1_2xlen3.smt2,denorm,simpleloop,1,1,4,-1,-1,3,2
simpleloop_denorm_inv1_3xlen1.smt2,denorm,simpleloop,1,1,4,-1,-1,1,3
simpleloop_denorm_inv1_3xlen2.smt2,denorm,simpleloop,1,1,4,-1,-1,2,3
simpleloop_denorm_inv1_4xlen1.smt2,denorm,simpleloop,1,1,4,-1,-1,1,4
fermat_denorm_inv1_1xlen1.smt2,denorm,fermat,1,1,10,-1,-1,1,1
fermat_denorm_inv1_1xlen2.smt2,denorm,fermat,1,1,10,-1,-1,2,1
fermat_denorm_inv1_1xlen3.smt2,denorm,fermat,1,1,10,-1,-1,3,1
fermat_denorm_inv1_1xlen4.smt2,denorm,fermat,1,1,10,-1,-1,4,1
fermat_denorm_inv1_2xlen1.smt2,denorm,fermat,1,1,10,-1,-1,1,2
fermat_denorm_inv1_2xlen2.smt2,denorm,fermat,1,1,10,-1,-1,2,2
fermat_denorm_inv1_2xlen3.smt2,denorm,fermat,1,1,10,-1,-1,3,2
fermat_denorm_inv1_3xlen1.smt2,denorm,fermat,1,1,10,-1,-1,1,3
fermat_denorm_inv1_3xlen2.smt2,denorm,fermat,1,1,10,-1,-1,2,3
fermat_denorm_inv1_4xlen1.smt2,denorm,fermat,1,1,10,-1,-1,1,4
simpleloopV2_denorm_inv1_1xlen1.smt2,denorm,simpleloopV2,1,1,4,-1,-1,1,1
simpleloopV2_denorm_inv1_1xlen2.smt2,denorm,simpleloopV2,1,1,4,-1,-1,2,1
simpleloopV2_denorm_inv1_1xlen3.smt2,denorm,simpleloopV2,1,1,4,-1,-1,3,1
simpleloopV2_denorm_inv1_1xlen4.smt2,denorm,simpleloopV2,1,1,4,-1,-1,4,1
simpleloopV2_denorm_inv1_2xlen1.smt2,denorm,simpleloopV2,1,1,4,-1,-1,1,2
simpleloopV2_denorm_inv1_2xlen2.smt2,denorm,simpleloopV2,1,1,4,-1,-1,2,2
simpleloopV2_denorm_inv1_2xlen3.smt2,denorm,simpleloopV2,1,1,4,-1,-1,3,2
simpleloopV2_denorm_inv1_3xlen1.smt2,denorm,simpleloopV2,1,1,4,-1,-1,1,3
simpleloopV2_denorm_inv1_3xlen2.smt2,denorm,simpleloopV2,1,1,4,-1,-1,2,3
simpleloopV2_denorm_inv1_4xlen1.smt2,denorm,simpleloopV2,1,1,4,-1,-1,1,4
euclidex_denorm_inv1_1xlen1.smt2,denorm,euclidex,5,1,4,-1,-1,1,1
euclidex_denorm_inv1_1xlen2.smt2,denorm,euclidex,5,1,4,-1,-1,2,1
euclidex_denorm_inv1_1xlen3.smt2,denorm,euclidex,5,1,4,-1,-1,3,1
euclidex_denorm_inv1_1xlen4.smt2,denorm,euclidex,5,1,4,-1,-1,4,1
euclidex_denorm_inv1_2xlen1.smt2,denorm,euclidex,5,1,4,-1,-1,1,2
euclidex_denorm_inv1_2xlen2.smt2,denorm,euclidex,5,1,4,-1,-1,2,2
euclidex_denorm_inv1_2xlen3.smt2,denorm,euclidex,5,1,4,-1,-1,3,2
euclidex_denorm_inv1_3xlen1.smt2,denorm,euclidex,5,1,4,-1,-1,1,3
euclidex_denorm_inv1_3xlen2.smt2,denorm,euclidex,5,1,4,-1,-1,2,3
euclidex_denorm_inv1_4xlen1.smt2,denorm,euclidex,5,1,4,-1,-1,1,4
euclidex_denorm_inv2_1xlen1.smt2,denorm,euclidex,5,2,4,-1,-1,1,1
euclidex_denorm_inv2_1xlen2.smt2,denorm,euclidex,5,2,4,-1,-1,2,1
euclidex_denorm_inv2_1xlen3.smt2,denorm,euclidex,5,2,4,-1,-1,3,1
euclidex_denorm_inv2_1xlen4.smt2,denorm,euclidex,5,2,4,-1,-1,4,1
euclidex_denorm_inv2_2xlen1.smt2,denorm,euclidex,5,2,4,-1,-1,1,2
euclidex_denorm_inv2_2xlen2.smt2,denorm,euclidex,5,2,4,-1,-1,2,2
euclidex_denorm_inv2_2xlen3.smt2,denorm,euclidex,5,2,4,-1,-1,3,2
euclidex_denorm_inv2_3xlen1.smt2,denorm,euclidex,5,2,4,-1,-1,1,3
euclidex_denorm_inv2_3xlen2.smt2,denorm,euclidex,5,2,4,-1,-1,2,3
euclidex_denorm_inv2_4xlen1.smt2,denorm,euclidex,5,2,4,-1,-1,1,4
euclidex_denorm_inv3_1xlen1.smt2,denorm,euclidex,5,3,4,-1,-1,1,1
euclidex_denorm_inv3_1xlen2.smt2,denorm,euclidex,5,3,4,-1,-1,2,1
euclidex_denorm_inv3_1xlen3.smt2,denorm,euclidex,5,3,4,-1,-1,3,1
euclidex_denorm_inv3_1xlen4.smt2,denorm,euclidex,5,3,4,-1,-1,4,1
euclidex_denorm_inv3_2xlen1.smt2,denorm,euclidex,5,3,4,-1,-1,1,2
euclidex_denorm_inv3_2xlen2.smt2,denorm,euclidex,5,3,4,-1,-1,2,2
euclidex_denorm_inv3_2xlen3.smt2,denorm,euclidex,5,3,4,-1,-1,3,2
euclidex_denorm_inv3_3xlen1.smt2,denorm,euclidex,5,3,4,-1,-1,1,3
euclidex_denorm_inv3_3xlen2.smt2,denorm,euclidex,5,3,4,-1,-1,2,3
euclidex_denorm_inv3_4xlen1.smt2,denorm,euclidex,5,3,4,-1,-1,1,4
euclidex_denorm_inv4_1xlen1.smt2,denorm,euclidex,5,4,6,-1,-1,1,1
euclidex_denorm_inv4_1xlen2.smt2,denorm,euclidex,5,4,6,-1,-1,2,1
euclidex_denorm_inv4_1xlen3.smt2,denorm,euclidex,5,4,6,-1,-1,3,1
euclidex_denorm_inv4_1xlen4.smt2,denorm,euclidex,5,4,6,-1,-1,4,1
euclidex_denorm_inv4_2xlen1.smt2,denorm,euclidex,5,4,6,-1,-1,1,2
euclidex_denorm_inv4_2xlen2.smt2,denorm,euclidex,5,4,6,-1,-1,2,2
euclidex_denorm_inv4_2xlen3.smt2,denorm,euclidex,5,4,6,-1,-1,3,2
euclidex_denorm_inv4_3xlen1.smt2,denorm,euclidex,5,4,6,-1,-1,1,3
euclidex_denorm_inv4_3xlen2.smt2,denorm,euclidex,5,4,6,-1,-1,2,3
euclidex_denorm_inv4_4xlen1.smt2,denorm,euclidex,5,4,6,-1,-1,1,4
euclidex_denorm_inv5_1xlen1.smt2,denorm,euclidex,5,5,6,-1,-1,1,1
euclidex_denorm_inv5_1xlen2.smt2,denorm,euclidex,5,5,6,-1,-1,2,1
euclidex_denorm_inv5_1xlen3.smt2,denorm,euclidex,5,5,6,-1,-1,3,1
euclidex_denorm_inv5_1xlen4.smt2,denorm,euclidex,5,5,6,-1,-1,4,1
euclidex_denorm_inv5_2xlen1.smt2,denorm,euclidex,5,5,6,-1,-1,1,2
euclidex_denorm_inv5_2xlen2.smt2,denorm,euclidex,5,5,6,-1,-1,2,2
euclidex_denorm_inv5_2xlen3.smt2,denorm,euclidex,5,5,6,-1,-1,3,2
euclidex_denorm_inv5_3xlen1.smt2,denorm,euclidex,5,5,6,-1,-1,1,3
euclidex_denorm_inv5_3xlen2.smt2,denorm,euclidex,5,5,6,-1,-1,2,3
euclidex_denorm_inv5_4xlen1.smt2,denorm,euclidex,5,5,6,-1,-1,1,4
wensley_denorm_inv1_1xlen1.smt2,denorm,wensley,3,1,4,-1,-1,1,1
wensley_denorm_inv1_1xlen2.smt2,denorm,wensley,3,1,4,-1,-1,2,1
wensley_denorm_inv1_1xlen3.smt2,denorm,wensley,3,1,4,-1,-1,3,1
wensley_denorm_inv1_1xlen4.smt2,denorm,wensley,3,1,4,-1,-1,4,1
wensley_denorm_inv1_2xlen1.smt2,denorm,wensley,3,1,4,-1,-1,1,2
wensley_denorm_inv1_2xlen2.smt2,denorm,wensley,3,1,4,-1,-1,2,2
wensley_denorm_inv1_2xlen3.smt2,denorm,wensley,3,1,4,-1,-1,3,2
wensley_denorm_inv1_3xlen1.smt2,denorm,wensley,3,1,4,-1,-1,1,3
wensley_denorm_inv1_3xlen2.smt2,denorm,wensley,3,1,4,-1,-1,2,3
wensley_denorm_inv1_4xlen1.smt2,denorm,wensley,3,1,4,-1,-1,1,4
wensley_denorm_inv2_1xlen1.smt2,denorm,wensley,3,2,2,-1,-1,1,1
wensley_denorm_inv2_1xlen2.smt2,denorm,wensley,3,2,2,-1,-1,2,1
wensley_denorm_inv2_1xlen3.smt2,denorm,wensley,3,2,2,-1,-1,3,1
wensley_denorm_inv2_1xlen4.smt2,denorm,wensley,3,2,2,-1,-1,4,1
wensley_denorm_inv2_2xlen1.smt2,denorm,wensley,3,2,2,-1,-1,1,2
wensley_denorm_inv2_2xlen2.smt2,denorm,wensley,3,2,2,-1,-1,2,2
wensley_denorm_inv2_2xlen3.smt2,denorm,wensley,3,2,2,-1,-1,3,2
wensley_denorm_inv2_3xlen1.smt2,denorm,wensley,3,2,2,-1,-1,1,3
wensley_denorm_inv2_3xlen2.smt2,denorm,wensley,3,2,2,-1,-1,2,3
wensley_denorm_inv2_4xlen1.smt2,denorm,wensley,3,2,2,-1,-1,1,4
wensley_denorm_inv3_1xlen1.smt2,denorm,wensley,3,3,4,-1,-1,1,1
wensley_denorm_inv3_1xlen2.smt2,denorm,wensley,3,3,4,-1,-1,2,1
wensley_denorm_inv3_1xlen3.smt2,denorm,wensley,3,3,4,-1,-1,3,1
wensley_denorm_inv3_1xlen4.smt2,denorm,wensley,3,3,4,-1,-1,4,1
wensley_denorm_inv3_2xlen1.smt2,denorm,wensley,3,3,4,-1,-1,1,2
wensley_denorm_inv3_2xlen2.smt2,denorm,wensley,3,3,4,-1,-1,2,2
wensley_denorm_inv3_2xlen3.smt2,denorm,wensley,3,3,4,-1,-1,3,2
wensley_denorm_inv3_3xlen1.smt2,denorm,wensley,3,3,4,-1,-1,1,3
wensley_denorm_inv3_3xlen2.smt2,denorm,wensley,3,3,4,-1,-1,2,3
wensley_denorm_inv3_4xlen1.smt2,denorm,wensley,3,3,4,-1,-1,1,4
lcm_denorm_inv1_1xlen1.smt2,denorm,lcm,1,1,4,-1,-1,1,1
lcm_denorm_inv1_1xlen2.smt2,denorm,lcm,1,1,4,-1,-1,2,1
lcm_denorm_inv1_1xlen3.smt2,denorm,lcm,1,1,4,-1,-1,3,1
lcm_denorm_inv1_1xlen4.smt2,denorm,lcm,1,1,4,-1,-1,4,1
lcm_denorm_inv1_2xlen1.smt2,denorm,lcm,1,1,4,-1,-1,1,2
lcm_denorm_inv1_2xlen2.smt2,denorm,lcm,1,1,4,-1,-1,2,2
lcm_denorm_inv1_2xlen3.smt2,denorm,lcm,1,1,4,-1,-1,3,2
lcm_denorm_inv1_3xlen1.smt2,denorm,lcm,1,1,4,-1,-1,1,3
lcm_denorm_inv1_3xlen2.smt2,denorm,lcm,1,1,4,-1,-1,2,3
lcm_denorm_inv1_4xlen1.smt2,denorm,lcm,1,1,4,-1,-1,1,4
knuth_denorm_inv1_1xlen1.smt2,denorm,knuth,1,1,10,-1,-1,1,1
knuth_denorm_inv1_1xlen2.smt2,denorm,knuth,1,1,10,-1,-1,2,1
knuth_denorm_inv1_1xlen3.smt2,denorm,knuth,1,1,10,-1,-1,3,1
knuth_denorm_inv1_1xlen4.smt2,denorm,knuth,1,1,10,-1,-1,4,1
knuth_denorm_inv1_2xlen1.smt2,denorm,knuth,1,1,10,-1,-1,1,2
knuth_denorm_inv1_2xlen2.smt2,denorm,knuth,1,1,10,-1,-1,2,2
knuth_denorm_inv1_2xlen3.smt2,denorm,knuth,1,1,10,-1,-1,3,2
knuth_denorm_inv1_3xlen1.smt2,denorm,knuth,1,1,10,-1,-1,1,3
knuth_denorm_inv1_3xlen2.smt2,denorm,knuth,1,1,10,-1,-1,2,3
knuth_denorm_inv1_4xlen1.smt2,denorm,knuth,1,1,10,-1,-1,1,4
divbin_denorm_inv1_1xlen1.smt2,denorm,divbin,1,1,4,-1,-1,1,1
divbin_denorm_inv1_1xlen2.smt2,denorm,divbin,1,1,4,-1,-1,2,1
divbin_denorm_inv1_1xlen3.smt2,denorm,divbin,1,1,4,-1,-1,3,1
divbin_denorm_inv1_1xlen4.smt2,denorm,divbin,1,1,4,-1,-1,4,1
divbin_denorm_inv1_2xlen1.smt2,denorm,divbin,1,1,4,-1,-1,1,2
divbin_denorm_inv1_2xlen2.smt2,denorm,divbin,1,1,4,-1,-1,2,2
divbin_denorm_inv1_2xlen3.smt2,denorm,divbin,1,1,4,-1,-1,3,2
divbin_denorm_inv1_3xlen1.smt2,denorm,divbin,1,1,4,-1,-1,1,3
divbin_denorm_inv1_3xlen2.smt2,denorm,divbin,1,1,4,-1,-1,2,3
divbin_denorm_inv1_4xlen1.smt2,denorm,divbin,1,1,4,-1,-1,1,4
prodbin_denorm_inv1_1xlen1.smt2,denorm,prodbin,1,1,4,-1,-1,1,1
prodbin_denorm_inv1_1xlen2.smt2,denorm,prodbin,1,1,4,-1,-1,2,1
prodbin_denorm_inv1_1xlen3.smt2,denorm,prodbin,1,1,4,-1,-1,3,1
prodbin_denorm_inv1_1xlen4.smt2,denorm,prodbin,1,1,4,-1,-1,4,1
prodbin_denorm_inv1_2xlen1.smt2,denorm,prodbin,1,1,4,-1,-1,1,2
prodbin_denorm_inv1_2xlen2.smt2,denorm,prodbin,1,1,4,-1,-1,2,2
prodbin_denorm_inv1_2xlen3.smt2,denorm,prodbin,1,1,4,-1,-1,3,2
prodbin_denorm_inv1_3xlen1.smt2,denorm,prodbin,1,1,4,-1,-1,1,3
prodbin_denorm_inv1_3xlen2.smt2,denorm,prodbin,1,1,4,-1,-1,2,3
prodbin_denorm_inv1_4xlen1.smt2,denorm,prodbin,1,1,4,-1,-1,1,4
cohencu_ind_inv1.smt2,inductive,cohencu,6,1,4,0,1,-1,-1
cohencu_ind_inv1_hint.smt2,inductive,cohencu,6,1,4,1,1,-1,-1
cohencu_ind_inv2.smt2,inductive,cohencu,6,2,6,0,1,-1,-1
cohencu_ind_inv2_hint.smt2,inductive,cohencu,6,2,6,1,1,-1,-1
cohencu_ind_inv3.smt2,inductive,cohencu,6,3,11,0,1,-1,-1
cohencu_ind_inv3_hint.smt2,inductive,cohencu,6,3,11,1,1,-1,-1
cohencu_ind_inv4.smt2,inductive,cohencu,6,4,19,0,1,-1,-1
cohencu_ind_inv4_hint.smt2,inductive,cohencu,6,4,19,1,1,-1,-1
cohencu_ind_inv5.smt2,inductive,cohencu,6,5,28,0,1,-1,-1
cohencu_ind_inv5_hint.smt2,inductive,cohencu,6,5,28,1,1,-1,-1
cohencu_ind_inv6.smt2,inductive,cohencu,6,6,32,0,1,-1,-1
cohencu_ind_inv6_hint.smt2,inductive,cohencu,6,6,32,1,1,-1,-1
cubes_ind_inv1.smt2,inductive,cubes,4,1,3,0,1,-1,-1
cubes_ind_inv1_hint.smt2,inductive,cubes,4,1,3,1,1,-1,-1
cubes_ind_inv2.smt2,inductive,cubes,4,2,6,0,1,-1,-1
cubes_ind_inv2_hint.smt2,inductive,cubes,4,2,6,1,1,-1,-1
cubes_ind_inv3.smt2,inductive,cubes,4,3,5,0,1,-1,-1
cubes_ind_inv3_hint.smt2,inductive,cubes,4,3,5,1,1,-1,-1
cubes_ind_inv4.smt2,inductive,cubes,4,4,4,0,1,-1,-1
cubes_ind_inv4_hint.smt2,inductive,cubes,4,4,4,1,1,-1,-1
eucliddiv_ind_inv1.smt2,inductive,eucliddiv,2,1,2,0,1,-1,-1
eucliddiv_ind_inv1_hint.smt2,inductive,eucliddiv,2,1,2,1,1,-1,-1
eucliddiv_ind_inv2.smt2,inductive,eucliddiv,2,2,4,0,1,-1,-1
eucliddiv_ind_inv2_hint.smt2,inductive,eucliddiv,2,2,4,1,1,-1,-1
freire2_ind_inv3.smt2,inductive,freire2,5,3,17,0,1,-1,-1
freire2_ind_inv1.smt2,inductive,freire2,5,1,4,0,1,-1,-1
freire2_ind_inv1_hint.smt2,inductive,freire2,5,1,4,1,1,-1,-1
freire2_ind_inv2.smt2,inductive,freire2,5,2,11,0,1,-1,-1
freire2_ind_inv2_hint.smt2,inductive,freire2,5,2,11,1,1,-1,-1
freire2_ind_inv3_hint.smt2,inductive,freire2,5,3,17,1,1,-1,-1
freire2_ind_inv4.smt2,inductive,freire2,5,4,29,0,1,-1,-1
freire2_ind_inv4_hint.smt2,inductive,freire2,5,4,29,1,1,-1,-1
freire2_ind_inv5.smt2,inductive,freire2,5,5,31,0,1,-1,-1
freire2_ind_inv5_hint.smt2,inductive,freire2,5,5,31,1,1,-1,-1
freire1_ind_inv1.smt2,inductive,freire1,1,1,6,0,1,-1,-1
freire1_ind_inv1_hint.smt2,inductive,freire1,1,1,6,1,1,-1,-1
simpleloop_ind_inv1.smt2,inductive,simpleloop,1,1,4,0,1,-1,-1
simpleloop_ind_inv1_hint.smt2,inductive,simpleloop,1,1,4,1,1,-1,-1
euclidex_ind_inv1.smt2,inductive,euclidex,5,1,4,0,1,-1,-1
euclidex_ind_inv1_hint.smt2,inductive,euclidex,5,1,4,1,1,-1,-1
euclidex_ind_inv2.smt2,inductive,euclidex,5,2,4,0,1,-1,-1
euclidex_ind_inv2_hint.smt2,inductive,euclidex,5,2,4,1,1,-1,-1
euclidex_ind_inv3.smt2,inductive,euclidex,5,3,4,0,1,-1,-1
euclidex_ind_inv3_hint.smt2,inductive,euclidex,5,3,4,1,1,-1,-1
euclidex_ind_inv4.smt2,inductive,euclidex,5,4,6,0,1,-1,-1
euclidex_ind_inv4_hint.smt2,inductive,euclidex,5,4,6,1,1,-1,-1
euclidex_ind_inv5.smt2,inductive,euclidex,5,5,6,0,1,-1,-1
euclidex_ind_inv5_hint.smt2,inductive,euclidex,5,5,6,1,1,-1,-1
euclidex_ind_inv1_nd_hint.smt2,inductive,euclidex,5,1,4,1,0,-1,-1
euclidex_ind_inv1_nd.smt2,inductive,euclidex,5,1,4,0,0,-1,-1
euclidex_ind_inv2_nd_hint.smt2,inductive,euclidex,5,2,4,1,0,-1,-1
euclidex_ind_inv2_nd.smt2,inductive,euclidex,5,2,4,0,0,-1,-1
euclidex_ind_inv3_nd_hint.smt2,inductive,euclidex,5,3,4,1,0,-1,-1
euclidex_ind_inv3_nd.smt2,inductive,euclidex,5,3,4,0,0,-1,-1
euclidex_ind_inv4_nd_hint.smt2,inductive,euclidex,5,4,6,1,0,-1,-1
euclidex_ind_inv4_nd.smt2,inductive,euclidex,5,4,6,0,0,-1,-1
euclidex_ind_inv5_nd_hint.smt2,inductive,euclidex,5,5,6,1,0,-1,-1
euclidex_ind_inv5_nd.smt2,inductive,euclidex,5,5,6,0,0,-1,-1
fermat_ind_inv1_hint.smt2,inductive,fermat,1,1,10,1,1,-1,-1
fermat_ind_inv1.smt2,inductive,fermat,1,1,10,0,1,-1,-1
fermat_ind_inv1_nd.smt2,inductive,fermat,1,1,10,0,0,-1,-1
fermat_ind_inv1_nd_hint.smt2,inductive,fermat,1,1,10,1,0,-1,-1
knuth_ind_inv1_nd.smt2,inductive,knuth,1,1,10,0,0,-1,-1
knuth_ind_inv1_hint.smt2,inductive,knuth,1,1,10,1,1,-1,-1
knuth_ind_inv1.smt2,inductive,knuth,1,1,10,0,1,-1,-1
knuth_ind_inv1_nd_hint.smt2,inductive,knuth,1,1,10,1,0,-1,-1
lcm_ind_inv1.smt2,inductive,lcm,1,1,4,0,1,-1,-1
lcm_ind_inv1_nd.smt2,inductive,lcm,1,1,4,0,0,-1,-1
lcm_ind_inv1_nd_hint.smt2,inductive,lcm,1,1,4,1,0,-1,-1
lcm_ind_inv1_hint.smt2,inductive,lcm,1,1,4,1,1,-1,-1
prodbin_ind_inv1.smt2,inductive,prodbin,1,1,4,0,1,-1,-1
prodbin_ind_inv1_hint.smt2,inductive,prodbin,1,1,4,1,1,-1,-1
prodbin_ind_inv1_nd.smt2,inductive,prodbin,1,1,4,0,0,-1,-1
prodbin_ind_inv1_nd_hint.smt2,inductive,prodbin,1,1,4,1,0,-1,-1
wensley_ind_inv1.smt2,inductive,wensley,3,1,4,0,1,-1,-1
wensley_ind_inv3_nd.smt2,inductive,wensley,3,3,4,0,0,-1,-1
wensley_ind_inv2.smt2,inductive,wensley,3,2,2,0,1,-1,-1
wensley_ind_inv3.smt2,inductive,wensley,3,3,4,0,1,-1,-1
wensley_ind_inv1_nd.smt2,inductive,wensley,3,1,4,0,0,-1,-1
wensley_ind_inv2_nd.smt2,inductive,wensley,3,2,2,0,0,-1,-1
wensley_ind_inv1_hint.smt2,inductive,wensley,3,1,4,1,1,-1,-1
wensley_ind_inv1_nd_hint.smt2,inductive,wensley,3,1,4,1,0,-1,-1
wensley_ind_inv2_hint.smt2,inductive,wensley,3,2,2,1,1,-1,-1
wensley_ind_inv2_nd_hint.smt2,inductive,wensley,3,2,2,1,0,-1,-1
wensley_ind_inv3_hint.smt2,inductive,wensley,3,3,4,1,1,-1,-1
wensley_ind_inv3_nd_hint.smt2,inductive,wensley,3,3,4,1,0,-1,-1
